"","Name","Customer_Segment","Customer_ID","Address","City","State","ZIP","Store_Number","Avg_Num_Products_Purchased","#_Years_as_Customer","Score_No","Score_Yes","predicted_sales","expected_rev","profit"
"1","A Giametti","Loyalty Club Only",2213,"5326 S Lisbon Way","Centennial","CO",80015,105,3,0.2,0.694964193,0.305035807,504.4,153.8600610508,70.4300305254
"2","Abby Pierson","Loyalty Club and Credit Card",2785,"4344 W Roanoke Pl","Denver","CO",80236,101,6,0.6,0.527275463,0.472724537,705.34,333.43152492758,160.21576246379
"3","Adele Hallman","Loyalty Club Only",2931,"5219 S Delaware St","Englewood","CO",80110,101,7,0.9,0.42111815,0.57888185,772.32,447.082030392,217.041015196
"4","Alejandra Baird","Loyalty Club Only",2231,"2301 Lawrence St","Denver","CO",80205,103,2,0.6,0.694862189,0.305137811,437.42,133.47338128762,60.23669064381
"5","Alice Dewitt","Loyalty Club Only",2530,"5549 S Hannibal Way","Centennial","CO",80015,104,4,0.5,0.612294145,0.387705855,571.38,221.5273714299,104.26368571495
"6","Amanda Donahoe","Credit Card Only",1946,"10093 E Warren Ave","Denver","CO",80247,105,7,0.7,0.732721707,0.267278293,772.32,206.42437124976,96.71218562488
"7","Amanda Huerta","Loyalty Club and Credit Card",1212,"3889 Aldenbridge Cir","Highlands Ranch","CO",80126,101,4,1,0.778260506,0.221739494,571.38,126.69751208172,56.84875604086
"8","Angie Reffel","Credit Card Only",369,"4502 S Buckley Way","Aurora","CO",80015,104,6,0.2,0.806552851,0.193447149,705.34,136.44601207566,61.72300603783
"9","Anh Tran","Credit Card Only",1683,"7328 E Maple Ave","Denver","CO",80230,100,6,0,0.749342386,0.250657614,705.34,176.79884145876,81.89942072938
"10","Anna Crumrine","Loyalty Club Only",1940,"7354 S Catawba Way","Aurora","CO",80016,102,4,0.9,0.735476848,0.264523152,571.38,151.14323858976,69.07161929488
"11","April Johnson","Store Mailing List",174,"16951 E Stanford Ave","Aurora","CO",80015,104,2,0.9,0.809458598,0.190541402,437.42,83.34662006284,35.17331003142
"12","Aul Pedajas","Loyalty Club Only",256,"7557 E Warren Cir","Denver","CO",80231,105,7,0.1,0.808455095,0.191544905,772.32,147.9339610296,67.4669805148
"13","B Corona","Loyalty Club Only",1002,"3721 S Pitkin Ct","Aurora","CO",80013,104,4,0.8,0.787715902,0.212284098,571.38,121.29488791524,54.14744395762
"14","Barbara Archuleta","Credit Card Only",2072,"9421 W 93rd Ave","Broomfield","CO",80021,103,5,0.6,0.722037905,0.277962095,638.36,177.4398829642,82.2199414821
"15","Barbara Vogel","Credit Card Only",2004,"9457 W Hamilton Dr","Lakewood","CO",80227,101,7,0.9,0.730290448,0.269709552,772.32,208.30208120064,97.65104060032
"16","Becca Blais","Loyalty Club Only",1505,"13900 Lake Song Ln","Broomfield","CO",80023,108,3,0.3,0.761564029,0.238435971,504.4,120.2671037724,53.6335518862
"17","Beverly Buckmon","Loyalty Club Only",1405,"2552 S Olathe Way","Aurora","CO",80013,102,5,0.4,0.767020576,0.232979424,638.36,148.72474510464,67.86237255232
"18","Beverly Hoyt","Loyalty Club Only",987,"3821 Lowell Blvd","Denver","CO",80211,106,1,0.9,0.787891714,0.212108286,370.44,78.57339346584,32.78669673292
"19","Beverly Muncy","Loyalty Club and Credit Card",1193,"4144 E Hinsdale Cir","Centennial","CO",80122,101,27,0.9,0.778393234,0.221606766,2111.92,468.01576125072,227.50788062536
"20","Bria Cunningham","Credit Card Only",259,"142 Kenton St","Aurora","CO",80010,105,3,0.8,0.808283725,0.191716275,504.4,96.70168911,41.850844555
"21","Brittany Johnson","Loyalty Club Only",2282,"9281 W 98th Way","Broomfield","CO",80021,103,6,0.6,0.673312252,0.326687748,705.34,230.42593617432,108.71296808716
"22","Carol Macomber","Loyalty Club Only",1425,"714 S Xavier St","Denver","CO",80219,106,3,0.1,0.766584363,0.233415637,504.4,117.7348473028,52.3674236514
"23","Carol Makris","Loyalty Club Only",2034,"5187 S Williams Dr","Greenwood Village","CO",80121,100,6,0.5,0.726952306,0.273047694,705.34,192.59146048596,89.79573024298
"24","Carolyn Lockhart","Loyalty Club Only",477,"4701 Perry St","Denver","CO",80212,107,3,0.2,0.802741827,0.197258173,504.4,99.4970224612,43.2485112306
"25","Cassandra Wheeler","Loyalty Club Only",3001,"9800 W 51st Pl","Arvada","CO",80002,108,6,0.7,0.372755034,0.627244966,705.34,442.42096431844,214.71048215922
"26","Chandra Ravilochan","Loyalty Club Only",1565,"10101 Gaylord St","Thornton","CO",80229,103,2,0.9,0.759925967,0.240074033,437.42,105.01318351486,46.00659175743
"27","Cheryl Roper","Loyalty Club and Credit Card",1786,"6905 W Princeton Ave","Denver","CO",80235,101,2,0.9,0.742879624,0.257120376,437.42,112.46959486992,49.73479743496
"28","Chris Lane","Credit Card Only",2957,"5674 S Huron St","Littleton","CO",80120,101,5,0.4,0.386927306,0.613072694,638.36,391.36108494184,189.18054247092
"29","Christine Schillereff","Loyalty Club and Credit Card",2498,"374 S Estes St","Lakewood","CO",80226,106,12,0.9,0.613780439,0.386219561,1107.22,427.63002233042,207.31501116521
"30","Cindy Kaufman","Loyalty Club Only",2456,"9871 E Walsh Pl","Denver","CO",80247,101,3,0.8,0.616788484,0.383211516,504.4,193.2918886704,90.1459443352
"31","Cindy Rogers","Loyalty Club Only",2200,"6022 Estes St","Arvada","CO",80004,108,3,0.2,0.707015442,0.292984558,504.4,147.7814110552,67.3907055276
"32","Clara Mcgihon","Credit Card Only",1609,"5910 S Gilpin Ct","Centennial","CO",80121,105,7,0.1,0.756222207,0.243777793,772.32,188.27446508976,87.63723254488
"33","Clarissa Kenedy","Credit Card Only",2580,"3713 S Espana Way","Aurora","CO",80013,104,6,0.6,0.590141301,0.409858699,705.34,289.08973475266,138.04486737633
"34","Cleo Lujan","Store Mailing List",1361,"7355 S Tempe Ct","Aurora","CO",80016,102,3,1,0.770920282,0.229079718,504.4,115.5478097592,51.2739048796
"35","Connie Boccaccio","Credit Card Only",2409,"23763 E Eads Dr","Aurora","CO",80016,102,7,0.5,0.645510208,0.354489792,772.32,273.77955615744,130.38977807872
"36","Cristal Hunter","Loyalty Club and Credit Card",693,"13198 W Buckhorn Way","Littleton","CO",80127,101,10,0.2,0.798798833,0.201201167,973.26,195.82104779442,91.41052389721
"37","Cynthia Lidman","Loyalty Club Only",1119,"16310 E Radcliff Pl","Aurora","CO",80015,104,6,0.3,0.786095978,0.213904022,705.34,150.87506287748,68.93753143874
"38","Cynthia Noekstra","Credit Card Only",1216,"5050 Quitman St","Denver","CO",80212,107,5,0.1,0.775847195,0.224152805,638.36,143.0901845998,65.0450922999
"39","Cynthia Westergaard","Loyalty Club Only",248,"2047 S Milwaukee St","Denver","CO",80210,100,5,0.8,0.808637702,0.191362298,638.36,122.15803655128,54.57901827564
"40","Dana Collins","Loyalty Club Only",2854,"4592 W 105th Way","Westminster","CO",80031,109,8,0.6,0.509847292,0.490152708,839.3,411.3851678244,199.1925839122
"41","Danielle Solano","Loyalty Club and Credit Card",2539,"12092 E Maple Ave","Aurora","CO",80012,105,8,0.2,0.605707339,0.394292661,839.3,330.9298303773,158.96491518865
"42","Darae Dolan","Loyalty Club and Credit Card",1404,"9562 Sara Gulch Cir","Parker","CO",80138,102,8,0.9,0.768944361,0.231055639,839.3,193.9249978127,90.46249890635
"43","Darlene Lund","Loyalty Club Only",2833,"6944 Owens St","Arvada","CO",80004,108,2,0.6,0.518631024,0.481368976,437.42,210.56041748192,98.78020874096
"44","Deanne Bader","Loyalty Club Only",24,"2855 Adams St","Denver","CO",80205,105,5,1,0.812673899,0.187326101,638.36,119.58148983436,53.29074491718
"45","Deborah Mcconnell","Loyalty Club and Credit Card",894,"14455 W 70th Dr","Arvada","CO",80004,103,13,0,0.792595944,0.207404056,1174.2,243.5338425552,115.2669212776
"46","Deborah Rothwell","Credit Card Only",2133,"7431 Dexter St","Commerce City","CO",80022,107,6,0.7,0.715720613,0.284279387,705.34,200.51362282658,93.75681141329
"47","Deborah Sagraves","Credit Card Only",719,"18175 E Cornell Pl","Aurora","CO",80013,104,5,0.5,0.797587513,0.202412487,638.36,129.21203520132,58.10601760066
"48","Debra Gallegos","Store Mailing List",3166,"3781 Jackson Way","Thornton","CO",80233,107,2,0.3,0.251453728,0.748546272,437.42,327.42911029824,157.21455514912
"49","Debra Harding","Loyalty Club Only",951,"17937 E Bethany Pl","Aurora","CO",80013,104,6,0.2,0.788455905,0.211544095,705.34,149.2105119673,68.10525598365
"50","Deirdre Odwyer","Loyalty Club Only",242,"5263 S Richfield St","Centennial","CO",80015,104,2,0.8,0.809177065,0.190822935,437.42,83.4697682277,35.23488411385
"51","Denise Friend","Loyalty Club Only",2153,"545 Circle Dr","Denver","CO",80206,104,3,1,0.71513062,0.28486938,504.4,143.688115272,65.344057636
"52","Deria Alexander","Loyalty Club Only",2429,"23954 E Kettle Pl","Aurora","CO",80016,102,4,0.6,0.633994763,0.366005237,571.38,209.12807231706,98.06403615853
"53","Devorah Tennyson","Credit Card Only",1767,"11823 E Canal Dr","Aurora","CO",80011,105,3,0.1,0.744682865,0.255317135,504.4,128.781962894,57.890981447
"54","Dolly Jelinske","Loyalty Club Only",2870,"8760 S Garland Ct","Littleton","CO",80128,101,2,0.1,0.498856404,0.501143596,437.42,219.21023176232,103.10511588116
"55","Dolores Unrein","Loyalty Club Only",413,"13602 E Dakota Pl","Aurora","CO",80012,105,1,0.9,0.804976857,0.195023143,370.44,72.24437309292,29.62218654646
"56","Doni Kemp","Loyalty Club Only",411,"9956 Clark Dr","Northglenn","CO",80260,103,1,0.9,0.805174205,0.194825795,370.44,72.1712674998,29.5856337499
"57","Donita Smutzer","Credit Card Only",3279,"2517 Ingalls St","Edgewater","CO",80214,107,7,0.5,0.00118,0.998824962,772.32,771.41249465184,379.20624732592
"58","Donna Kukucka","Loyalty Club Only",1953,"6823 S Jasmine Ct","Centennial","CO",80112,104,7,0.1,0.731809828,0.268190172,772.32,207.12863363904,97.06431681952
"59","Doris Johnson","Credit Card Only",1088,"7727 Harlan St","Arvada","CO",80003,103,6,0.7,0.78644732,0.21355268,705.34,150.6272473112,68.8136236556
"60","Dorothy Cole","Loyalty Club Only",23,"4896 Harlan St","Denver","CO",80212,107,4,0.8,0.813561319,0.186438681,571.38,106.52733354978,46.76366677489
"61","Dusty Gordon","Loyalty Club Only",801,"1344 High St","Denver","CO",80218,100,3,0.3,0.795298957,0.204701043,504.4,103.2512060892,45.1256030446
"62","Earlyne Winters","Credit Card Only",562,"12221 W 2nd Pl","Lakewood","CO",80228,107,5,0,0.800423226,0.199576774,638.36,127.40182945064,57.20091472532
"63","Eileen Kilroy","Loyalty Club Only",1485,"7018 W 44th Ave","Wheat Ridge","CO",80033,106,4,0.5,0.764211492,0.235788508,571.38,134.72483770104,60.86241885052
"64","Elizabeth Pacheco","Loyalty Club Only",823,"3100 S Federal Blvd","Denver","CO",80236,101,6,0.5,0.793093305,0.206906695,705.34,145.9395682513,66.46978412565
"65","Emily Brown","Loyalty Club Only",721,"3744 S Quintero St","Aurora","CO",80013,104,4,0.9,0.797256646,0.202743354,571.38,115.84349760852,51.42174880426
"66","Ergeat Bahata","Credit Card Only",2890,"8920 W 4th Pl","Lakewood","CO",80226,106,6,0,0.458877354,0.541122646,705.34,381.67544712964,184.33772356482
"67","Erin Klotz","Credit Card Only",1769,"3177 S Mobile Way","Aurora","CO",80013,105,5,0.4,0.743552036,0.256447964,638.36,163.70612229904,75.35306114952
"68","Erin Reno","Store Mailing List",1597,"995 Flower St","Lakewood","CO",80215,106,1,0.4,0.757446681,0.242553319,370.44,89.85145149036,38.42572574518
"69","Erin Trunck","Loyalty Club Only",1622,"1551 Larimer St","Denver","CO",80202,105,2,0,0.753313594,0.246686406,437.42,107.90556771252,47.45278385626
"70","Frances Joyce","Loyalty Club Only",339,"5401 E Dakota Ave","Denver","CO",80246,100,5,0.1,0.8068505,0.1931495,638.36,123.29891482,55.14945741
"71","Gail Bear","Store Mailing List",645,"7414 Deframe St","Arvada","CO",80005,108,2,0.5,0.799139504,0.200860496,437.42,87.86039816032,37.43019908016
"72","Gail Philman","Credit Card Only",2270,"14152 E Linvale Pl","Aurora","CO",80014,104,7,1,0.681924477,0.318075523,772.32,245.65608792336,116.32804396168
"73","Gailyn Philman","Credit Card Only",1113,"274 Quari St","Aurora","CO",80011,105,7,0.5,0.786209762,0.213790238,772.32,165.11447661216,76.05723830608
"74","Gale Speer","Loyalty Club Only",2702,"2601 W Floyd Ave","Englewood","CO",80110,101,6,0.1,0.565785969,0.434214031,705.34,306.26852462554,146.63426231277
"75","Hannah Truppo","Loyalty Club Only",2910,"1612 S Ammons St","Lakewood","CO",80232,107,2,0.6,0.434682699,0.565317301,437.42,247.28109380342,117.14054690171
"76","Heather Black","Loyalty Club Only",3025,"2699 W 126th Ave","Broomfield","CO",80020,108,2,0.2,0.337571928,0.662428072,437.42,289.75928725424,138.37964362712
"77","Heather Josten","Loyalty Club Only",266,"8965 E Florida Ave","Denver","CO",80247,105,3,0.3,0.807427364,0.192572636,504.4,97.1336375984,42.0668187992
"78","Heather Musgrove","Loyalty Club and Credit Card",1348,"4475 E Yale Ave","Denver","CO",80222,104,5,0.2,0.773143707,0.226856293,638.36,144.81598319948,65.90799159974
"79","Heidi Wallace","Loyalty Club Only",790,"16671 E Navarro Dr","Aurora","CO",80013,104,1,1,0.795776401,0.204223599,370.44,75.65259001356,31.32629500678
"80","Helen Forrester","Store Mailing List",2193,"8193 W 9th Ave","Lakewood","CO",80214,106,2,0.2,0.710684542,0.289315458,437.42,126.55236763836,56.77618381918
"81","Honorine Essandjo","Loyalty Club Only",2002,"9791 Jefferson Pkwy","Englewood","CO",80112,104,3,0.2,0.730396437,0.269603563,504.4,135.9880371772,61.4940185886
"82","Imelda Avila","Loyalty Club Only",922,"3817 S Uravan St","Aurora","CO",80013,104,4,1,0.790344156,0.209655844,571.38,119.79315614472,53.39657807236
"83","Irma Jimenez","Loyalty Club Only",2947,"6705 W Floyd Dr","Lakewood","CO",80227,106,4,1,0.393168905,0.606831095,571.38,346.7311510611,166.86557553055
"84","Jalayne Kubasta","Loyalty Club Only",247,"7759 Oakview Pl","Castle Pines","CO",80108,102,4,0.4,0.809067123,0.190932877,571.38,109.09522726026,48.04761363013
"85","Jan Baker","Credit Card Only",427,"1500 W Thornton Pkwy","Thornton","CO",80260,107,6,0.9,0.80342342,0.19657658,705.34,138.6533249372,62.8266624686
"86","Jance Pearson","Loyalty Club and Credit Card",1734,"3528 S Depew St","Denver","CO",80235,101,5,0.6,0.74763586,0.25236414,638.36,161.0991724104,74.0495862052
"87","Janeil Miller","Credit Card Only",2725,"22227 E Hinsdale Ave","Aurora","CO",80016,104,5,0.7,0.532455124,0.467544876,638.36,298.46194704336,142.73097352168
"88","Janet Caraballos","Loyalty Club Only",1751,"4840 E Atlantic Pl","Denver","CO",80222,107,4,0.8,0.746037148,0.253962852,571.38,145.10929437576,66.05464718788
"89","Janice Coven","Store Mailing List",2187,"24562 E Davies Way","Aurora","CO",80016,102,1,1,0.711508678,0.288491322,370.44,106.86872532168,46.93436266084
"90","Janice Leyba","Credit Card Only",3000,"7483 E Warren Dr","Denver","CO",80231,105,6,0.2,0.376872269,0.623127731,705.34,439.51691378354,213.25845689177
"91","Janis Williams","Loyalty Club Only",2545,"7127 Fenton St","Arvada","CO",80003,103,8,0.9,0.599004461,0.400995539,839.3,336.5555558827,161.77777794135
"92","Jean Jasinski","Credit Card Only",2400,"7402 Church Ranch Blvd","Broomfield","CO",80021,103,6,0.4,0.652717066,0.347282934,705.34,244.95254466756,115.97627233378
"93","Jean Mendoza","Loyalty Club Only",2393,"13875 W 68th Dr","Arvada","CO",80004,103,2,0.4,0.657185176,0.342814824,437.42,149.95406031408,68.47703015704
"94","Jean Sampson","Loyalty Club Only",2486,"8094 S Cody St","Littleton","CO",80128,106,3,0.6,0.614664836,0.385335164,504.4,194.3630567216,90.6815283608
"95","Jeanine Medrano","Loyalty Club Only",3214,"2765 S Winona Ct","Denver","CO",80236,101,5,0.8,0.0967,0.90327841,638.36,576.6168058076,281.8084029038
"96","Jenna Kinsey","Store Mailing List",738,"774 S Ivy St","Denver","CO",80224,100,1,0.1,0.797089182,0.202910818,370.44,75.16628341992,31.08314170996
"97","Jennifer Achiamaa","Loyalty Club Only",3252,"4363 W 30th Ave","Denver","CO",80212,107,6,0.9,0.0028,0.997198264,705.34,703.36382352976,345.18191176488
"98","Jennifer Marsh","Loyalty Club Only",1371,"7085 Owens St","Arvada","CO",80004,103,4,0.3,0.770214426,0.229785574,571.38,131.29488127212,59.14744063606
"99","Jennifer Mordatto","Loyalty Club Only",2598,"11667 Larkspur Dr","Parker","CO",80134,104,1,0.1,0.584717433,0.415282567,370.44,153.83727411948,70.41863705974
"100","Jennifer Odegard","Store Mailing List",3203,"11739 E Canal Dr","Aurora","CO",80011,105,2,0.2,0.131085355,0.868914645,437.42,380.0806440159,183.54032200795
"101","Jennifer Ward","Loyalty Club Only",1307,"5582 E Colorado Ave","Denver","CO",80222,105,4,0.8,0.774479857,0.225520143,571.38,128.85769930734,57.92884965367
"102","Jenny Thomas","Loyalty Club Only",2624,"425 Golden Eagle Dr","Broomfield","CO",80020,109,3,1,0.584515357,0.415484643,504.4,209.5704539292,98.2852269646
"103","Jesika Peterson","Credit Card Only",497,"5512 S Rifle St","Centennial","CO",80015,104,4,0.9,0.801416979,0.198583021,571.38,113.46636653898,50.23318326949
"104","Jessica Hagar","Loyalty Club and Credit Card",3063,"13593 W 65th Pl","Arvada","CO",80004,108,6,0.3,0.303085363,0.696914637,705.34,491.56177006158,239.28088503079
"105","Jodie Quint","Credit Card Only",391,"5287 E 97th Pl","Denver","CO",80229,107,5,0.6,0.805774567,0.194225433,638.36,123.98574740988,55.49287370494
"106","Johnnie Alexander","Loyalty Club Only",2454,"3149 S Mobile Way","Aurora","CO",80013,105,3,0.6,0.618258278,0.381741722,504.4,192.5505245768,89.7752622884
"107","Josefina Ortiz","Credit Card Only",2398,"1416 Pennsylvania St","Denver","CO",80203,103,5,1,0.652786643,0.347213357,638.36,221.64711857452,104.32355928726
"108","Josephine Cameron","Loyalty Club and Credit Card",3132,"1206 Pierce St","Lakewood","CO",80214,106,7,0.5,0.264059619,0.735940381,772.32,568.38147505392,277.69073752696
"109","Juana Vigil","Loyalty Club Only",863,"7032 S Newport St","Centennial","CO",80112,104,6,0.1,0.793022357,0.206977643,705.34,145.98961071362,66.49480535681
"110","Judy Martillaro","Loyalty Club Only",347,"4587 S Laredo St","Aurora","CO",80015,104,1,0.7,0.806579116,0.193420884,370.44,71.65083226896,29.32541613448
"111","Julie Dalebout","Credit Card Only",212,"16739 E Auburn Hills Dr","Parker","CO",80134,102,5,0.9,0.809361999,0.190638001,638.36,121.69567431836,54.34783715918
"112","Julie Kyung","Loyalty Club and Credit Card",2418,"1601 Aspen St","Broomfield","CO",80020,109,6,0.4,0.639709145,0.360290855,705.34,254.1275516657,120.56377583285
"113","Julie Stewart","Credit Card Only",2500,"21017 E Eastman Dr","Aurora","CO",80013,105,5,0.5,0.612641294,0.387358706,638.36,247.27430356216,117.13715178108
"114","June Ortega","Loyalty Club Only",1829,"1610 Little Raven St","Denver","CO",80202,105,4,0.2,0.74263787,0.25736213,571.38,147.0515738394,67.0257869197
"115","Justine Streltzer","Credit Card Only",3108,"1731 S Forest St","Denver","CO",80222,100,4,0.9,0.271146993,0.728853007,571.38,416.45203113966,201.72601556983
"116","Karen Heagerty","Loyalty Club Only",2203,"3666 S Depew St","Denver","CO",80235,101,4,0.3,0.704737171,0.295262829,571.38,168.70727523402,77.85363761701
"117","Karen Mcclean","Credit Card Only",2550,"6409 W 95th Ave","Westminster","CO",80031,103,5,0.8,0.592688628,0.407311372,638.36,260.01128742992,123.50564371496
"118","Karlene Macedo","Store Mailing List",457,"6844 Nelson St","Arvada","CO",80004,108,1,0.4,0.803309432,0.196690568,370.44,72.86205400992,29.93102700496
"119","Katherine Burkey","Credit Card Only",2352,"6621 Millstone Pl","Highlands Ranch","CO",80130,104,6,0.2,0.664900828,0.335099172,705.34,236.35884997848,111.67942498924
"120","Katherine Desellem","Loyalty Club Only",907,"3240 W 14th Ave","Denver","CO",80204,101,5,0.8,0.791139506,0.208860494,638.36,133.32818494984,60.16409247492
"121","Katherine Haught","Loyalty Club Only",805,"9108 Fontaine St","Denver","CO",80260,109,3,0.6,0.794750834,0.205249166,504.4,103.5276793304,45.2638396652
"122","Katherine Peterson","Loyalty Club Only",1486,"13994 E Arkansas Pl","Aurora","CO",80012,105,2,0.1,0.764041206,0.235958794,437.42,103.21309567148,45.10654783574
"123","Kathleen Brun","Credit Card Only",2258,"12965 E 2nd Ave","Aurora","CO",80011,105,5,0.9,0.691102896,0.308897104,638.36,197.18755530944,92.09377765472
"124","Kathleen Bryan","Credit Card Only",313,"12306 W 81st Dr","Arvada","CO",80005,103,5,0.1,0.807060676,0.192939324,638.36,123.16474686864,55.08237343432
"125","Kathleen Wilson","Loyalty Club Only",825,"7315 W Calahan Ave","Lakewood","CO",80232,106,7,1,0.793046078,0.206953922,772.32,159.83465303904,73.41732651952
"126","Kathryn Andersen","Credit Card Only",2330,"11295 W Center Ave","Lakewood","CO",80226,101,10,0.1,0.669727032,0.330272968,973.26,321.44146883568,154.22073441784
"127","Kathy Wells","Loyalty Club Only",1502,"8320 W Eastman Pl","Lakewood","CO",80227,101,5,0.9,0.762986464,0.237013536,638.36,151.29996084096,69.14998042048
"128","Kayla Moots","Credit Card Only",1434,"4448 Hooker St","Denver","CO",80211,107,5,0.8,0.765561391,0.234438609,638.36,149.65623044124,68.32811522062
"129","Kelly Collier","Loyalty Club Only",1725,"13752 E Lehigh Ave","Aurora","CO",80014,104,2,0.4,0.748130715,0.251869285,437.42,110.1726626447,48.58633132235
"130","Kelly Trotter","Credit Card Only",2206,"3901 Haddon Rd","Denver","CO",80205,107,7,0.4,0.697571608,0.302428392,772.32,233.57149570944,110.28574785472
"131","Kimberly Sanchez","Loyalty Club Only",2433,"6987 Sheridan Blvd","Arvada","CO",80003,108,4,0.2,0.624436406,0.375563594,571.38,214.58952633972,100.79476316986
"132","Kimberly Turner","Credit Card Only",2638,"1805 S Balsam St","Lakewood","CO",80232,106,5,0.3,0.567602823,0.432397177,638.36,276.02506190972,131.51253095486
"133","Kristen Herrington","Loyalty Club Only",1720,"3023 S Walden Ct","Aurora","CO",80013,104,4,0.1,0.749064953,0.250935047,571.38,143.37926715486,65.18963357743
"134","Kristi Jackson","Credit Card Only",2386,"3824 S Ceylon Way","Aurora","CO",80013,104,3,0.4,0.657985318,0.342014682,504.4,172.5122056008,79.7561028004
"135","Krystal Vigil","Credit Card Only",2889,"4960 W 8th Ave","Denver","CO",80204,106,6,0.9,0.466007204,0.533992796,705.34,376.64647873064,181.82323936532
"136","L Hanson","Loyalty Club Only",2926,"960 W 112th Ave","Northglenn","CO",80234,103,6,0.4,0.428145692,0.571854308,705.34,403.35171760472,195.17585880236
"137","Lara Bracciante","Credit Card Only",2873,"11890 W 35th Ave","Wheat Ridge","CO",80033,108,5,0.9,0.474114134,0.525885866,638.36,335.70450141976,161.35225070988
"138","Laura Garcia","Credit Card Only",2100,"9655 E Center Ave","Denver","CO",80247,100,3,0.8,0.720541359,0.279458641,504.4,140.9589385204,63.9794692602
"139","Laura Samenus","Credit Card Only",2332,"8273 W 90th Pl","Broomfield","CO",80021,103,5,0.5,0.669463583,0.330536417,638.36,211.00122715612,99.00061357806
"140","Leona Gillespie","Loyalty Club Only",1120,"19020 E Mansfield Dr","Aurora","CO",80013,104,4,0.6,0.786054195,0.213945805,571.38,122.2443540609,54.62217703045
"141","Leticia Jurado","Loyalty Club Only",3149,"377 Albion St","Denver","CO",80220,105,5,0.2,0.258728004,0.741271996,638.36,473.19839136656,230.09919568328
"142","Leydal Sierro","Loyalty Club Only",2264,"1361 Utica St","Denver","CO",80204,103,4,0.3,0.68791212,0.31208788,571.38,178.3207728744,82.6603864372
"143","Linda Lowry","Credit Card Only",1554,"6542 S Field Way","Littleton","CO",80123,106,5,0.2,0.761536495,0.238463505,638.36,152.2255630518,69.6127815259
"144","Linda Mcvay","Loyalty Club Only",3022,"3445 Wadsworth Blvd","Wheat Ridge","CO",80033,106,4,0.6,0.347317555,0.652682445,571.38,372.9296954241,179.96484771205
"145","Linda Newman","Credit Card Only",1730,"1811 S Elm St","Denver","CO",80222,100,7,0.4,0.747791105,0.252208895,772.32,194.7859737864,90.8929868932
"146","Linda Suazo","Loyalty Club Only",3177,"12760 Wolff Ct","Broomfield","CO",80020,109,4,1,0.243982005,0.756017995,571.38,431.9735619831,209.48678099155
"147","Lisa Frantz","Loyalty Club and Credit Card",117,"37 Del Mar Cir","Aurora","CO",80011,105,10,0.5,0.811004492,0.188995508,973.26,183.94176811608,85.47088405804
"148","Lori Cordova","Loyalty Club Only",260,"7906 W 90th Ave","Broomfield","CO",80021,107,2,0.3,0.8078214,0.1921786,437.42,84.062763212,35.531381606
"149","Lori Grahame","Loyalty Club Only",2101,"6800 E Tennessee Ave","Denver","CO",80224,100,4,0.9,0.717366563,0.282633437,571.38,161.49109323306,74.24554661653
"150","Lorna Collier","Loyalty Club Only",2770,"14824 E Grand Pl","Aurora","CO",80015,104,5,0.2,0.527552524,0.472447476,638.36,301.59157077936,144.29578538968
"151","Lorralne Watkins","Credit Card Only",35,"2100 16th St","Denver","CO",80202,103,2,0.8,0.812283974,0.187716026,437.42,82.11074409292,34.55537204646
"152","Lydia Mazanti","Loyalty Club Only",2894,"1201 S Corona St","Denver","CO",80210,100,4,0.8,0.441159899,0.558840101,571.38,319.31005690938,153.15502845469
"153","Lynda Bergondo","Credit Card Only",3229,"3950 E Dartmouth Ave","Denver","CO",80210,100,6,0.2,0.0178,0.98223442,705.34,692.8092258028,339.9046129014
"154","Lynn Winters","Loyalty Club Only",1368,"4585 Vallejo St","Denver","CO",80211,103,6,0.6,0.770591475,0.229408525,705.34,161.8110090235,74.40550451175
"155","M Stiegelmar","Loyalty Club Only",1157,"6352 Zang Ct","Arvada","CO",80004,108,1,1,0.779023198,0.220976802,370.44,81.85864653288,34.42932326644
"156","Manju Panday","Loyalty Club Only",1247,"3805 W 26th Ave","Denver","CO",80211,101,3,0.7,0.774848975,0.225151025,504.4,113.56617701,50.283088505
"157","Margaret Flaten","Credit Card Only",1142,"9924 W Arlington Ave","Littleton","CO",80123,101,7,0.9,0.779651758,0.220348242,772.32,170.17935426144,78.58967713072
"158","Margarita Corral","Loyalty Club Only",561,"1366 S Bahama St","Aurora","CO",80017,104,3,0.5,0.80062212,0.19937788,504.4,100.566202672,43.783101336
"159","Margret Mcdonald","Loyalty Club Only",2766,"1674 S Lansing St","Aurora","CO",80012,104,1,0.4,0.528969346,0.471030654,370.44,174.48859546776,80.74429773388
"160","Marguerite Zambrano","Store Mailing List",2451,"5630 W 79th Ave","Arvada","CO",80003,108,2,0.3,0.621730413,0.378269587,437.42,165.46268274554,76.23134137277
"161","Maria Becerra","Loyalty Club Only",3209,"2288 S Oakland Way","Aurora","CO",80014,105,3,0.1,0.0969,0.90311749,504.4,455.532461956,221.266230978
"162","Maria Dadole","Credit Card Only",2805,"66 Oakland St","Aurora","CO",80012,105,1,0.7,0.522565047,0.477434953,370.44,176.86100398932,81.93050199466
"163","Maria Garcia","Loyalty Club Only",1566,"964 S Ivy St","Denver","CO",80224,105,2,0.8,0.759767052,0.240232948,437.42,105.08269611416,46.04134805708
"164","Maria Olvera","Loyalty Club and Credit Card",868,"4961 Garrison St","Wheat Ridge","CO",80033,108,9,0.7,0.792722376,0.207277624,906.28,187.85156507872,87.42578253936
"165","Maria Ramirez","Credit Card Only",32,"9291 Irving St","Westminster","CO",80031,109,6,0.6,0.81261878,0.18738122,705.34,132.1674697148,59.5837348574
"166","Marie Sloane","Credit Card Only",2161,"5330 W 80th Ave","Arvada","CO",80003,107,5,0.6,0.714591071,0.285408929,638.36,182.19364391644,84.59682195822
"167","Marion Shichman","Loyalty Club Only",1015,"8300 Fairmount Dr","Denver","CO",80247,105,6,0.9,0.787602102,0.212397898,705.34,149.81273337532,68.40636668766
"168","Marissa Latta","Store Mailing List",3046,"15692 E Jefferson Ave","Aurora","CO",80013,102,2,0.4,0.309270797,0.690729203,437.42,302.13876797626,144.56938398813
"169","Marjorey Desalvo","Loyalty Club and Credit Card",1340,"3223 W 111th Pl","Westminster","CO",80031,103,11,0.4,0.773768332,0.226231668,1040.24,235.33523032032,111.16761516016
"170","Marjorie White","Credit Card Only",2268,"411 S Vaughn Way","Aurora","CO",80012,105,4,0.6,0.684269453,0.315730547,571.38,180.40211994486,83.70105997243
"171","Martha Brainard","Loyalty Club Only",2962,"11548 Community Center Dr","Northglenn","CO",80233,107,4,0.1,0.379800524,0.620199476,571.38,354.36957659688,170.68478829844
"172","Martha Cuellar","Credit Card Only",2551,"6000 W Floyd Ave","Denver","CO",80227,101,5,0.8,0.591281231,0.408718769,638.36,260.90971337884,123.95485668942
"173","Mary Davis","Loyalty Club Only",916,"251 S Colorado Blvd","Denver","CO",80246,106,3,0.1,0.791106882,0.208893118,504.4,105.3656887192,46.1828443596
"174","Mary Maes","Loyalty Club Only",1391,"602 S Paris St","Aurora","CO",80012,105,7,0.9,0.769567018,0.230432982,772.32,177.96800065824,82.48400032912
"175","Mary Prats","Store Mailing List",2470,"7875 W 9th Ave","Lakewood","CO",80214,107,2,0.2,0.615422165,0.384577835,437.42,168.2220365857,77.61101829285
"176","Mary Vaught","Loyalty Club and Credit Card",2630,"6404 Gray St","Arvada","CO",80003,100,9,0.3,0.572552502,0.427447498,906.28,387.38711848744,187.19355924372
"177","Mary Watson","Credit Card Only",2067,"9548 W 75th Pl","Arvada","CO",80005,103,7,0.1,0.722864034,0.277135966,772.32,214.03764926112,100.51882463056
"178","Mavis Salazar","Credit Card Only",3225,"7009 S Tamarac Ct","Centennial","CO",80112,102,5,0.7,0.0731,0.926945398,638.36,591.72486426728,289.36243213364
"179","Mayra Contreras","Loyalty Club Only",950,"2790 S Golden Way","Denver","CO",80227,101,5,1,0.788925179,0.211074821,638.36,134.74172273356,60.87086136678
"180","Mayya Master","Loyalty Club Only",2430,"4604 S Fraser Ct","Aurora","CO",80015,105,6,0.2,0.633530475,0.366469525,705.34,258.4856147635,122.74280738175
"181","Michele Fry","Store Mailing List",423,"3230 Williams St","Denver","CO",80205,107,1,0.6,0.803474149,0.196525851,370.44,72.80103624444,29.90051812222
"182","Michele Munsey","Credit Card Only",18,"4034 S Carson St","Aurora","CO",80014,104,6,0.6,0.814270512,0.185729488,705.34,131.00243706592,59.00121853296
"183","Michelle Brabeen","Credit Card Only",2442,"400 W South Boulder Rd","Louisville","CO",80027,109,5,0.3,0.622372876,0.377627124,638.36,241.06205087664,114.03102543832
"184","Michelle Miller","Credit Card Only",3328,"1662 S Deframe St","Lakewood","CO",80228,106,5,0.7,2.08e-06,0.999997924,638.36,638.35867476464,312.67933738232
"185","Michelle Murray","Store Mailing List",2402,"1382 S Cathay Ct","Aurora","CO",80017,104,1,0.7,0.646870044,0.353129956,370.44,130.81346090064,58.90673045032
"186","Minh Pham","Credit Card Only",2260,"4554 Raritan St","Denver","CO",80211,100,8,1,0.69023418,0.30976582,839.3,259.986452726,123.493226363
"187","Mona Hopwood","Loyalty Club Only",327,"8155 E Fairmount Dr","Denver","CO",80230,107,3,1,0.806855402,0.193144598,504.4,97.4221352312,42.2110676156
"188","Muriel Hensley","Loyalty Club Only",418,"5805 Clear Creek Dr","Denver","CO",80212,107,4,1,0.804608652,0.195391348,571.38,111.64270842024,49.32135421012
"189","Nancy Nicholas","Credit Card Only",2337,"1752 Blackhawk St","Aurora","CO",80011,100,5,0.6,0.669265158,0.330734842,638.36,211.12789373912,99.06394686956
"190","Nancy Roberts","Loyalty Club Only",2343,"14228 W 69th Pl","Arvada","CO",80004,108,4,0.7,0.665633852,0.334366148,571.38,191.05012964424,89.02506482212
"191","Naomi Salaman","Credit Card Only",2884,"12499 W Crestline Dr","Littleton","CO",80127,101,7,0.7,0.467030768,0.532969232,772.32,411.62279725824,199.31139862912
"192","Nichole Hopkins","Loyalty Club and Credit Card",3083,"4889 Streambed Trl","Parker","CO",80134,102,8,0.7,0.281672772,0.718327228,839.3,602.8920424604,294.9460212302
"193","Nicole Dennings","Credit Card Only",402,"5502 Newland Way","Arvada","CO",80002,109,5,0.2,0.805460587,0.194539413,638.36,124.18617968268,55.59308984134
"194","Nicole Huyck","Loyalty Club Only",820,"6366 E 78th Ave","Commerce City","CO",80022,107,3,0.1,0.793417635,0.206582365,504.4,104.200144906,45.600072453
"195","Noreen Jackson","Loyalty Club Only",3017,"3935 S Richfield St","Aurora","CO",80013,105,5,0.8,0.359395473,0.640604527,638.36,408.93630585572,197.96815292786
"196","Olivia Miles","Credit Card Only",1740,"4442 S Zenobia St","Denver","CO",80236,101,6,0.2,0.747428367,0.252571633,705.34,178.14887562022,82.57443781011
"197","Oralie Rosencranz","Loyalty Club Only",1017,"7498 Alkire St","Arvada","CO",80005,109,3,0.8,0.787418475,0.212581525,504.4,107.22612121,47.113060605
"198","Pam Gomez","Store Mailing List",3194,"215 E 11th Ave","Denver","CO",80203,107,3,0.1,0.155789526,0.844210474,504.4,425.8197630856,206.4098815428
"199","Patricia Morales","Store Mailing List",404,"755 S Alton Way","Denver","CO",80247,100,2,0.9,0.805457462,0.194542538,437.42,85.09679697196,36.04839848598
"200","Phyllis Brock","Loyalty Club and Credit Card",949,"3609 Forest St","Denver","CO",80207,106,11,0.7,0.789076685,0.210923315,1040.24,219.4108691956,103.2054345978
"201","Quien Chiang","Loyalty Club and Credit Card",2903,"11330 Fenton St","Westminster","CO",80020,107,4,0.9,0.436569305,0.563430695,571.38,321.9330305091,154.46651525455
"202","Rachel Dunleavy","Credit Card Only",1610,"1822 Independence St","Lakewood","CO",80215,107,1,0.9,0.754287772,0.245712228,370.44,91.02163774032,39.01081887016
"203","Radost Ryagouzova","Loyalty Club Only",1958,"1859 S Xavier St","Denver","CO",80219,100,3,0.5,0.731626635,0.268373365,504.4,135.367525306,61.183762653
"204","Rayetta Johnson","Loyalty Club Only",2723,"358 Mulberry Cir","Broomfield","CO",80020,109,4,0.9,0.557676743,0.442323257,571.38,252.73466258466,119.86733129233
"205","Rebecca Holden","Loyalty Club Only",1997,"922 S Zephyr Ct","Lakewood","CO",80226,106,4,0.8,0.731560296,0.268439704,571.38,153.38107807152,70.19053903576
"206","Rebekah Stark","Loyalty Club and Credit Card",1888,"1074 S Zeno Way","Aurora","CO",80017,105,3,0.7,0.741971428,0.258028572,504.4,130.1496117168,58.5748058584
"207","Regina Barsocchini","Loyalty Club Only",3084,"4690 Quitman St","Denver","CO",80212,107,4,0.2,0.281334047,0.718665953,571.38,410.63135222514,198.81567611257
"208","Regina Reyes","Loyalty Club Only",754,"1060 Laurel St","Broomfield","CO",80020,109,5,1,0.797012551,0.202987449,638.36,129.57906794364,58.28953397182
"209","Richelle Arias","Credit Card Only",1151,"289 Quebec St","Denver","CO",80220,100,2,0.5,0.779257788,0.220742212,437.42,96.55705837304,41.77852918652
"210","Robbyn Stober","Credit Card Only",1133,"4205 W 4th Ave","Denver","CO",80219,101,5,0.5,0.781654093,0.218345907,638.36,139.38329319252,63.19164659626
"211","Roxanne Musselman","Loyalty Club Only",2856,"294 Garnet St","Broomfield","CO",80020,108,2,0,0.50409656,0.49590344,437.42,216.9180827248,101.9590413624
"212","Ruth Cook","Loyalty Club Only",1377,"14181 E Iowa Dr","Aurora","CO",80012,105,1,0.3,0.769959375,0.230040625,370.44,85.216249125,36.1081245625
"213","S Gault","Store Mailing List",1327,"291 S Jasper Cir","Aurora","CO",80017,105,1,0.7,0.77396621,0.22603379,370.44,83.7319571676,35.3659785838
"214","Samantha Waldock","Loyalty Club Only",3249,"10351 W Girton Dr","Lakewood","CO",80227,101,5,0.2,0.00499,0.995006409,638.36,635.17229124924,311.08614562462
"215","Sandra Meisinger","Loyalty Club Only",544,"2210 Upham St","Lakewood","CO",80214,103,6,0.5,0.801363531,0.198636469,705.34,140.10624704446,63.55312352223
"216","Sarah Madrid","Store Mailing List",1876,"2860 S Kenton Ct","Aurora","CO",80014,100,1,0.8,0.742047706,0.257952294,370.44,95.55584778936,41.27792389468
"217","Sarah Mccaffrey","Credit Card Only",1462,"5350 W 52nd Ave","Denver","CO",80212,107,6,0.6,0.765220593,0.234779407,705.34,165.59930693338,76.29965346669
"218","Shari Albright","Credit Card Only",1360,"6375 W Mississippi Pl","Lakewood","CO",80232,106,7,0.2,0.771312279,0.228687721,772.32,176.62010068272,81.81005034136
"219","Shawna Sisneros","Loyalty Club and Credit Card",642,"6440 W 110th Ave","Westminster","CO",80020,109,6,0.6,0.799257868,0.200742132,705.34,141.59145538488,64.29572769244
"220","Sheila Richardson","Loyalty Club Only",701,"3460 S Poplar St","Denver","CO",80224,106,6,0.7,0.798684588,0.201315412,705.34,141.99581270008,64.49790635004
"221","Sherry Miller","Loyalty Club Only",2567,"19872 Montview Dr","Aurora","CO",80011,105,4,1,0.591264352,0.408735648,571.38,233.54337455424,110.27168727712
"222","Shirley Pilon","Loyalty Club Only",2355,"15790 E Alameda Pkwy","Aurora","CO",80017,105,3,0.2,0.663744278,0.336255722,504.4,169.6073861768,78.3036930884
"223","Star Palfy","Loyalty Club and Credit Card",2489,"6516 W Hoover Pl","Littleton","CO",80123,101,7,0.6,0.613796355,0.386203645,772.32,298.2727991064,142.6363995532
"224","Sue Herhalt","Loyalty Club Only",2249,"601 W 11th Ave","Denver","CO",80204,106,4,0.6,0.694329024,0.305670976,571.38,174.65428226688,80.82714113344
"225","Sun Young","Loyalty Club Only",2281,"2354 W 23rd Cir","Golden","CO",80401,106,4,0.4,0.675072416,0.324927584,571.38,185.65712294592,86.32856147296
"226","Susan Brewer","Loyalty Club Only",3195,"8280 Everett Way","Arvada","CO",80005,103,4,0.4,0.138266073,0.861733927,571.38,492.37753120926,239.68876560463
"227","Susan Knight","Credit Card Only",1808,"17502 E Wesley Pl","Aurora","CO",80013,105,6,0.3,0.742844604,0.257155396,705.34,181.38198701464,84.19099350732
"228","Swetha Inturi","Loyalty Club and Credit Card",2058,"10768 E Crestridge Cir","Englewood","CO",80111,105,6,0.5,0.725626322,0.274373678,705.34,193.52673004052,90.26336502026
"229","Tabatha Hoeben","Loyalty Club Only",444,"7861 W 87th Dr","Arvada","CO",80005,109,2,0.9,0.803412943,0.196587057,437.42,85.99111047294,36.49555523647
"230","Talloy Huntzinger","Loyalty Club Only",1641,"293 Kenton St","Aurora","CO",80010,105,1,0.8,0.752607765,0.247392235,370.44,91.6439795334,39.3219897667
"231","Tamesha Johnson","Credit Card Only",2111,"10583 W 62nd Pl","Arvada","CO",80004,107,6,0.5,0.717138097,0.282861903,705.34,199.51381466202,93.25690733101
"232","Terri Vasu","Loyalty Club Only",375,"7309 W Hampden Ave","Lakewood","CO",80227,106,6,0.8,0.806547709,0.193452291,705.34,136.44963893394,61.72481946697
"233","Terry Weisenstein","Loyalty Club and Credit Card",1473,"7240 W Custer Ave","Lakewood","CO",80226,106,3,0.9,0.764369367,0.235630633,504.4,118.8520912852,52.9260456426
"234","Theresa Gabriel","Loyalty Club Only",2321,"3865 Perry St","Denver","CO",80212,107,1,0.7,0.672265692,0.327734308,370.44,121.40589705552,54.20294852776
"235","Theresa Vallejos","Credit Card Only",2162,"5140 Raleigh St","Denver","CO",80212,107,6,0.6,0.712479492,0.287520508,705.34,202.79971511272,94.89985755636
"236","Tiffany Armstrong","Credit Card Only",122,"7351 S Sheridan Ct","Littleton","CO",80128,100,5,0.9,0.810942914,0.189057086,638.36,120.68648141896,53.84324070948
"237","Timberly Klinestiver","Loyalty Club Only",2210,"13375 W Warren Cir","Lakewood","CO",80228,108,2,0.7,0.696622725,0.303377275,437.42,132.7032876305,59.85164381525
"238","Tomoko Stewart","Credit Card Only",3188,"8280 Brentwood Ct","Arvada","CO",80005,109,9,0.3,0.194131609,0.805868391,906.28,730.34240539548,358.67120269774
"239","Toni Vanness","Credit Card Only",1575,"18727 E Dorado Dr","Aurora","CO",80015,105,4,0.4,0.759217984,0.240782016,571.38,137.57802830208,62.28901415104
"240","Tonya Bell","Credit Card Only",1384,"1562 Chase St","Lakewood","CO",80214,106,5,0.9,0.76969315,0.23030685,638.36,147.018680766,67.009340383
"241","Tracy Williams","Loyalty Club Only",216,"2720 E 13th Ave","Denver","CO",80206,105,4,0,0.809204609,0.190795391,571.38,109.01667050958,48.00833525479
"242","Vickey Howell","Credit Card Only",2803,"14903 E Temple Pl","Aurora","CO",80015,105,5,0.9,0.522611852,0.477388148,638.36,304.74549815728,145.87274907864
"243","Vicky Churchman","Credit Card Only",637,"2900 S Race St","Denver","CO",80210,100,8,0.9,0.799673223,0.200326777,839.3,168.1342639361,77.56713196805
"244","Vikki Grady","Credit Card Only",2130,"8065 W Eastman Pl","Lakewood","CO",80227,101,5,0.9,0.71582274,0.28417726,638.36,181.4073956936,84.2036978468
"245","Vivian Weir","Store Mailing List",519,"3894 Parfet St","Wheat Ridge","CO",80033,106,2,0.9,0.801379758,0.198620242,437.42,86.88046625564,36.94023312782
"246","Wanda Stiveson","Credit Card Only",1129,"13080 W Montana Dr","Lakewood","CO",80228,107,18,0.3,0.783806093,0.216193907,1509.1,326.2582250537,156.62911252685
"247","Wendy Crenshaw","Loyalty Club Only",304,"12483 W 8th Ave","Golden","CO",80401,106,3,0.6,0.807199896,0.192800104,504.4,97.2483724576,42.1241862288
"248","Wendy Renaud","Loyalty Club Only",2629,"700 S Alton Way","Denver","CO",80247,100,6,0.1,0.576544215,0.423455785,705.34,298.6803033919,142.84015169595
"249","Wilma Reid","Credit Card Only",1917,"6763 W Yale Ave","Lakewood","CO",80227,101,7,0.2,0.740749485,0.259250515,772.32,200.2243577448,93.6121788724
"250","Yvette Kent","Credit Card Only",762,"1071 Worchester St","Aurora","CO",80011,100,5,0.5,0.796349975,0.203650025,638.36,130.002029959,58.5010149795
